"","estimate","p.val"
"CHIsq",735.004013761469,0.1
"Fst",0.140560243063566,0.1
"PHIst",0.807064651448614,0.1
