"","estimate","p.val"
"CHIsq",1280.23838803422,0.001
"Fst",0.204624143328996,0.001
"PHIst",0.808440439411938,0.001
